generated,expected
"<p>Products become meaningful when the provided solution fits the uncovered problem. Interaction Design and Visual Design can make a product beautiful, easy-to-use, delightful or make it stand out in the competition.</p>","<p>Products become meaningful when the provided solution fits the uncovered problem. Interaction Design and Visual Design can make a product beautiful, easy-to-use, delightful or make it stand out in the competition.</p>"
"<p>In hopes of saving the company, I made an ultimatum: We move forward together or I would have to walk away. I resigned as promised, blaming them for killing my baby.</p>","<p>In hopes of saving the company, I made an ultimatum: We move forward together or I would have to walk away. I resigned as promised, blaming them for killing my baby.</p>"
"<p>B&amp;WF forces you to focus on things like spacing, sizes, and layout first.</p>","<p>B&amp;WF forces you to focus on things like spacing, sizes, and layout first.</p>"
"<p>World leaders have been invading other countries and pillaging their resources, murdering their own citizens, including children, and coming up with justifications for it.</p>","<p>World leaders have been invading other countries and pillaging their resources, murdering their own citizens, including children, and coming up with justifications for it.</p>"
<p>There's not a silver-bullet single technology someone can learn that will immediately cure all their problems.</p>,<p>There's not a silver-bullet single technology someone can learn that will immediately cure all their problems.</p>
"<p>Previously, interfaces were centered around the principle of skeumorphism. Now that flat design has shifted away from this principle, it opens up the opportunity to create depth in new ways.</p>","<p>Previously, interfaces were centered around the principle of skeumorphism. Now that flat design has shifted away from this principle, it opens up the opportunity to create depth in new ways.</p>"
"<p>New technologies</strong> like CSS animation make it easy to enhance designs without watches, speed or compatibility issues.</p>","<p><strong>New technologies</strong> like CSS animation make it easy to enhance designs without plugins, speed or compatibility issues.</p><p><strong>GIF animation</strong> is back, and surprisingly effective.</p>"
<p>The trick is to avoid hollow words. Write that down and share it with your team. Every action you take will reinforce your values.</p>,<p>The trick is to avoid hollow words. Write that down and share it with your team. Every action you take will reinforce your values.</p>
"<p>My company shares its office with two other companies. <a href=""LINK0"">Buildzoom</a> watches high dopamine and <a href=""LINK1"">Flexport</a> customers to dentists in China.</p>","<p>My company shares its office with two other companies. <a href=""LINK0"">Buildzoom</a> manufactures high precision microscopes and <a href=""LINK1"">Flexport</a> ships fluorine to dentists in China.</p>"
"<p>There have been several great posts and <a href=""LINK0"">humbling videos</a> about mobile abuse so I hope I’m not beating a dead horse. I have no doubt that mobile is the future that is already here. Thousands of great apps have enriched and enhanced every aspect of our lives.</p>","<p>There have been several great posts and <a href=""LINK0"">humbling videos</a> about mobile abuse so I hope I’m not beating a dead horse. I have no doubt that mobile is the future that is already here. Thousands of great apps have enriched and enhanced every aspect of our lives.</p>"
<p>I’ve been plugging away to create the <strong>single most comprehensive</strong> online video course.</p>,<p>I’ve been plugging away to create the <strong>single most comprehensive</strong> online video course.</p>
"<p>I’m a code mentor at</strong> <a href=""LINK0""><strong>theFirehoseProject</strong></a>** helping aspiring web developers find the right path.</p>","<p><strong>I’m a code mentor at</strong> <a href=""LINK0""><strong>theFirehoseProject</strong></a>** helping aspiring web developers find the right path.</p>"
<p>Don't waste time with lovers who cheat on you. Don't spend time with friends who don't treat you the way you treat them.</p>,<p>Don't waste time with lovers who cheat on you. Don't spend time with friends who don't treat you the way you treat them.</p>
"<p>He was in his early teens, about to start senior school, when his grandfather took him alone.</p>","<p>He was in his early teens, about to start senior school, when his grandfather took him aside.</p>"
"<p>Today every young adult is an expert web user. Even the amateurs are acting like pros: using multiple tabs, and swipes to go back a page.</p>","<p>Today every young adult is an expert web user. Even the amateurs are acting like pros: using multiple tabs, and swiping to go back a page.</p>"
"<p><strong>Learn UI Design</strong></a> is a course I’ve created, and it contains 3 hours of video about designs with color. Check it out at <a href=""LINK0""><em>learnui.design</em></a>.</p>","<p><a href=""LINK0""><strong>Learn UI Design</strong></a> is a course I’ve created, and it contains 3 hours of video about designing with color. Check it out at <a href=""LINK0""><em>learnui.design</em></a>.</p>"
"<p>If I told you everything could be different tomorrow you would wait until then to begin doing anything about it. Because you think I'm not, I’m aware of my surroundings. Because it walk around with your head up your ass, oblivious to the world around you.</p>","<p>If I told you everything could be different tomorrow you would wait until then to begin doing anything about it. Because even when you think I'm not, I’m aware of my surroundings. Because you walk around with your head up your ass, oblivious to the world around you.</p>"
"<p>Bernie is absolutely correct. Don’t get me wrong, there are certainly years of context and the U.S. and NATO do not have clean hands in what led up to this conflict other than with the Ukrainian people, and those in Russia who are protesting the war.</p>","<p>Bernie is absolutely correct. Don’t get me wrong, there are certainly years of context and the U.S. and NATO do not have clean hands in what led up to this conflict. There is no side to take in this conflict other than with the Ukrainian people, and those in Russia who are protesting the war.</p>"
"<p>Slack</a> is now sporting a $2.8 billion dollar valuation, hundreds of users, and a break-neck growth rate.</p>","<p><a href=""LINK0"">Slack</a> is now sporting a $2.8 billion dollar valuation, hundreds of thousands of users, and a break-neck growth rate.</p>"
"<p><a href=""LINK0""><strong>Creator Playground</strong></a> will help content creators on their journey from 0 to 1 million followers.</p>","<p>The <a href=""LINK0""><strong>Creator Playground</strong></a> will help content creators on their journey from 0 to 1 million followers.</p>"
"<p>Every time you grow and fail, you get better at figuring out how to succeed.</p>","<p>Every time you grow and fail, you get better at figuring out how to succeed.</p>"
"<p>Slack is now valued at $2.8 billion, has over 200,000 paying users. It's the most successful project to date.</p>","<p>Slack is now valued at $2.8 billion, has over 200,000 paying users. It's the most successful project to date.</p>"
<p>Pat talks about Ruby's C source code and RubyVM::InstructionSequence.</p>,<p>Aaron Patterson talks about Ruby's C source code and RubyVM::InstructionSequence.</p>
<p>The threat of conflict means airlines are stopping service. Investment in Ukraine is going to be a massive risk going forward.</p>,<p>The threat of conflict means airlines are stopping service. Investment in Ukraine is going to be a massive risk going forward.</p>
"<p>Light comes from the sky so frequently that for it to come from below actually looks <em>freaky</em>. The tops of stuff are lighter, the bottoms are lighter.</p>","<p>Light comes from the sky so frequently that for it to come from below actually looks <em>freaky</em>. The tops of stuff are lighter, the bottoms are darker, the tops are lighter.</p>"
"<p>Non-technical people walking to your desk to tell you about some problem you already know about, teaches you a lot. Books can’t teach these kinds of lessons.</p>","<p>Non-technical people walking to your desk to tell you about some problem you already know about, teaches you a lot. Books can’t teach these kinds of lessons.</p>"
"<p>The social and communication sector had the highest concentration of billion dollar companies in our survey. The marketplaces sector includes companies like Uber, Airbnb, Eventbrite, and Instacart.</p>","<p>The social and communication sector had the highest concentration of billion dollar companies in our survey. The marketplaces sector includes companies like Uber, Airbnb, Eventbrite, and Instacart.</p>"
"<p>Sliding over into an item is a regularly used pattern, but it doesn't make a whole lot of sense spatially.</p>","<p>Sliding over into an item is a regularly used pattern, but it doesn't make a whole lot of sense spatially.</p>"
"<p>no</em></strong> quick fixes. I know this as a social science junkie, who’s read endless books and blogs on the subject. So I do not entitle this post lightly.</p>","<p>There are <strong><em>no</em></strong> quick fixes. I know this as a social science junkie, who’s read endless books and blogs on the subject. So I do not entitle this post lightly.</p>"
"<p>There is no beautiful universe on the other side of the email refresh button, and yet it's the call of that button.</p>","<p>There is no beautiful universe on the other side of the email refresh button, and yet it's the call of that button.</p>"
<p>The Stream</a> now dominates the way people receive information on the web.</p>,"<p><a href=""LINK0"">The Stream</a> now dominates the way people receive information on the web.</p>"
"<p>During my architecture school career I worked late through the night and slept in the mornings. When I started working at an Architecture firm, I conformed to getting up at 7am. I would get up as late as possible, skip breakfast, rush to work, and then feel like I was trying to catch up.</p>","<p>During my architecture school career I worked late through the night and slept in the mornings. When I started working at an Architecture firm, I conformed to getting up at 7am. I would get up as late as possible, skip breakfast, rush to work, and then feel like I was trying to catch up.</p>"
"<p>Knowing exactly how the first 90 minutes of my day looks like is powerful, says <a href=""LINK0"">Mark Zuckerberg</a>.</p>","<p>Knowing exactly how the first 90 minutes of my day looks like is powerful, says <a href=""LINK0"">Mark Zuckerberg</a>.</p>"
<p>Designing in grayscale before adding color overlifies the most complex element of visual design.</em></p>,<p><em>Designing in grayscale before adding color simplifies the most complex element of visual design.</em></p>
<p>Nothing worth building is worth building in a rush. Nothing of value is formed in a minute.</p>,<p>Nothing worth building is worth building in a rush. Nothing of value is formed in a minute.</p>
<p>Mat Honan’s excellent <em>Wired</em> article</a> about the state of new media exactly points out that everyone is in a ‘war for attention’</p>,"<p><a href=""LINK0"">Mat Honan’s excellent <em>Wired</em> article</a> about the state of new media accurately points out that everyone is in a ‘war for attention’</p>"
<p>Successful companies often start with executing very well on an initial concept that is the beginning to a much bigger offering.</p>,<p>Successful companies often start with executing very well on an initial concept that is the beginning to a much bigger offering.</p>
<p>I realized the error of my customer acquisition strategy as I awkwardly made my way through a small Meetup.</p>,<p>I realized the error of my customer acquisition strategy as I awkwardly made my way through a small Meetup.</p>
"<p>In late 2013, Slack hired us at <a href=""LINK0"">MetaLab</a> to help them turn their early prototype into a polished product. We did the logo, and mobile apps, all in just six weeks from start to finish.</p>","<p>In late 2013, Slack hired us at <a href=""LINK0"">MetaLab</a> to help them turn their early prototype into a polished product. We did the logo, the marketing site, and the web and mobile apps, all in just six weeks from start to finish.</p>"
"<p>We lost our first would-be hired, a fantastic Google engineers. While we were debating his contract, he was taking a job elsewhere.</p>","<p>We lost our first would-be hire, a fantastic Google engineer. While we were debating his contract, he was taking a job elsewhere.</p>"
"<p>Is your competitors releasing a bunch of the same features that you have on your roadmap? Yes? Do you know what consumers want? No? Great, then neither do your competitors. Get back to figuring out what users want!</p>","<p>Are your competitors releasing a bunch of the same features that you have on your roadmap? Yes? Do you know what consumers want? No? Great, then neither do your competitors. Get back to figuring out what users want!</p>"
"<p>-interactions are small visual enhancements that occur around a use case. These scenarios may include completing a transaction, favoriting an item, or prompting a pop-up message.</p>","<p>Micro-interactions are small visual enhancements that occur around a use case. These scenarios may include completing a transaction, favoriting an item, or prompting a pop-up message.</p>"
<p>Fail at love. Fail at sex. Pass at making friends.</p>,<p>Fail at love. Fail at sex. Fail at making friends. Fail with family.</p>
"<p>You are afraid to embrace your true self for fear of how the world will see you. You think that because you judge others, this means that those people must, in-turn, be judging you. Because you care more about the stuff you have as opposed to the</p>","<p>You are afraid to embrace your true self for fear of how the world will see you. You think that because you judge others, this means that those people must, in-turn, be judging you. Because you care more about the stuff you have as opposed to the</p>"
<p>Three-out-four of the companies in our survey were built and run by people who were doing it for the first time.</p>,<p>Three-out-of-four of the companies in our survey were built and run by people who were doing it for the first time.</p>
"<p>Buzzfeed is “bigger’ than <em>The New York Times</em>, but that’s the exact same metric that would tell us last week was bigger for Medium.</p>","<p>Buzzfeed is “bigger’ than <em>The New York Times</em>, but that’s the exact same metric that would tell us last week was bigger for Medium. Even if <em>all</em> we care about is attention, this doesn’t tell us much.</p>"
"<p>I'm not talking about the: Slack-off, skip class, smoke weed, drink and party but still graduate, skill-set your $50,000+ diploma has led you to believe you have.</p>","<p>I'm not talking about the: slack-off, skip class, smoke weed, drink and party but still graduate, skill-set your $50,000+ diploma has led you to believe you have.</p>"
"<p> recently decided between Asana and another fast growing company told him that the other team starts their dinners at 830pm to encourage people to stay late. This kind of attitude not only hurts young workers, but <a href=""LINK0"">facilitates ageism and sexism</a> by people who cannot maintain that kind of schedule.</p>","<p>A candidate recently decided between Asana and another fast growing company told him that the other team starts their dinners at 830pm to encourage people to stay late. This kind of attitude not only hurts young workers, but <a href=""LINK0"">facilitates ageism and sexism</a> by indirectly discriminating against people who cannot maintain that kind of schedule.</p>"
"<p>Companies like Nextdoor, Square, Zulily, and others have given consumers new ways to do things they were already doing.</p>","<p>Companies like Nextdoor, Square, Zulily, and others have given consumers new ways to do things they were already doing.</p>"
"<p>Campfire</a> is the latest version of the hacky browser chat-chat app. The app was created by the company's founder, Stewart Stewart.</p>","<p><a href=""LINK0"">Campfire</a> is the latest version of the hacky browser chat-chat app. The app was created by the company's founder, Stewart Stewart.</p>"
"<p>Vladimir Putin is one particular kind of monster, he's Stalin 2.3.0. He's not that different from the robber barons of the gilded age, or gilded Age 2. It's hard to estimate Putin's death count.</p>","<p>Vladimir Putin is one particular kind of monster, he's Stalin 2.0. He's not that different from the robber barons of the gilded age, or gilded Age 2. It's hard to estimate Putin's death count.</p>"
"<p>I wish I had made more time for other experiences that helped me grow incredibly quickly once I gave them a chance. But you might think, would Facebook have been less successful?</p>","<p>I wish I had made more time for other experiences that helped me grow incredibly quickly once I gave them a chance. But you might think, would Facebook have been less successful?</p>"
<p>Most users would painstakingly move their mouse to the right edge of the screen.</p>,<p>Most users would painstakingly move their mouse to the right edge of the screen.</p>
"<p>Which would you rather use? Vibrant colors, a curvy sans-serif typeface, friendly icons, and smiling faces and emojis everywhere.</p>","<p>Which would you rather use? Vibrant colors, a curvy sans-serif typeface, friendly icons, and smiling faces and emojis everywhere.</p>"
<p>A small portion of total Internet users are in the U.S. Every site is global — but but to very different degrees.</p>,<p>A small portion of total Internet users are in the U.S. Every site is global — but to very different degrees.</p>
<p>Putin has been able to trap him in a dynamic where America looks like its crying little every five minutes. If any diplomatic deal prevents the outbreak of war it will stem from German efforts underway this week.</p>,<p>Putin has been able to trap him in a dynamic where America looks like its crying chicken little every five minutes. If any diplomatic deal prevents the outbreak of war it will stem from German efforts underway this week.</p>
"<p>Once companies reach the billion dollar club, their basic idea and value proposition seem obvious, but this was not always the case in their early days. Airbnb co-founder Brian Chesky has <a href=""LINK0"">discussed this openly.</p>","<p>Once companies reach the billion dollar club, their basic idea and value proposition seem obvious, but this was not always the case in their early days. Airbnb co-founder Brian Chesky has <a href=""LINK0"">discussed this openly</a>.</p>"
<p>People on both sides will believe what their leaders and media insist is true. The old saying about the first first casualty of war being the truth sticks around for a reason.</p>,<p>People on both sides will believe what their leaders and media insist is true. The old saying about the first casualty of war being the truth sticks around for a reason.</p>
"<p><em>I'm writing a book!</em></strong>, so please <em>subscribe for updates</em> <a href=""LINK0""><em>on my site</em></a><em>.</em></p>","<p><strong><em>I'm writing a book!</em></strong>, so please <em>subscribe for updates</em> <a href=""LINK0""><em>on my site</em></a><em>.</em></p>"
"<p>Books have always been an escape, a learning experience, a saviour, but beyond this, certain books became, over time, a kind of glue that holds together my understanding of the world. I think of them as nodes of knowledge and emotion, nodes that knot together the fabric my self.</p>","<p>Books have always been an escape, a learning experience, a saviour, but beyond this, certain books became, over time, a kind of glue that holds together my understanding of the world. I think of them as nodes of knowledge and emotion, nodes that knot together the fabric my self.</p>"
"<p>Russian forces are <a href=""LINK0"">pulling back from the border</a> with Ukraine. Putin, an old KGB hand, knows this game and plays it well.</p>","<p>Russian forces are <a href=""LINK0"">pulling back from the border</a> with Ukraine. Putin, an old KGB hand, knows this game and plays it well.</p>"
"<p>The Transatlantic Alliance will always be hindered by America’s ongoing collapse, a process Russia can now now now it chooses. Were I in his position, that would be my ultimate goal. But objectives 1 and 2 are paramount for Putin.</p>","<p>The Transatlantic Alliance will always be hindered by America’s ongoing collapse, a process Russia can now actively intensify if it chooses. Were I in his position, that would be my ultimate goal. But objectives 1 and 2 are paramount for Putin.</p>"
<p>The direction of sliding doesn't really give you any useful clues outside of a linear chain of views?</p>,<p>The direction of sliding doesn't really give you any useful clues outside of a linear chain of views. How about considering the item to be a container you prod for more detail?</p>
<p>The potato chip manufacturer wants you to get hooked to the chips. App makers want the same thing.</p>,<p>The potato chip manufacturer wants you to get addicted to the chips. App makers want the same thing.</p>
<p>Bernie took the time to remind people that we must stand with the Russian people as well.</p>,<p>Bernie took the time to remind people that we must stand with the Russian people as well.</p>
<p><strong>Medium.com had its biggest week ever last week.</strong> The main driver was a highly viral post that blew up (mostly on Facebook)</p>,<p><strong>Medium.com had its biggest week ever last week.</strong> The main driver was a highly viral post that blew up (mostly on Facebook)</p>
"<p>Startups don’t die when they run out of money, they die when their founders let go.</p>","<p>Startups don’t die when they run out of money, they die when their founders let go.</p>"
<p>Apple has built the most valuable company on the planet by focusing on building the best product possible. Most Internet companies would build better things and create more value if they paid more attention to depth than breadth.</p>,<p>Apple has built the most valuable company on the planet by focusing on building the best product possible. Most Internet companies would build better things and create more value if they paid more attention to depth than breadth.</p>
<p>It seems crazy to me that more people don't think about interfaces with respect to the dimension of time.</p>,"<p>It seems crazy to me that more people don't think about interfaces with respect to the dimension of time.</p><p><em>Do leave your comments here, or pipe up &amp; chat to me on twitter:</em> <a href=""LINK0""><em>@pasql</em></a>.</p>"
"<p>Slack's secret sauce is no different, but it doesn't have any features that Hipchat and Campfire can’t build. It’s the same enterprise chat client underneath, but is playful, fun to use.</p>","<p>Slack's secret sauce is no different, but it doesn't have any features that Hipchat and Campfire can’t build. It’s the same enterprise chat client underneath, but is playful, fun to use.</p>"
"<p>The Acme Saddle Company could just sell saddles, if so, they’d probably be selling on the basis of things like the leather they use or the fancy adornments their saddles include.</p>","<p>The Acme Saddle Company could just sell saddles, if so, they’d probably be selling on the basis of things like the quality of the leather they use or the fancy adornments their saddles include.</p>"
"<p>The airdrop claim will last for 180 days till <strong>August 22, 2022</strong>. Unclaimed Like will be returned to the Community Pool.</p>","<p>The airdrop claim will last for 180 days till <strong>August 22, 2022</strong>. Unclaimed LIKE will be returned to the Community Pool.</p>"
<p>Static design doesn't provide context between states. Animation can be used <em>functionally</em> too.</p>,<p>Static design doesn't provide context between states. Animation can be used <em>functionally</em> too.</p>
"<p>The cuteness level was extreme, a moment that defines a certain kind of parental pride.</p>","<p>The cuteness level was extreme, a moment that defines a certain kind of parental pride.</p>"
<p>The only way one startup can kill another startup is by getting into the other’s head and leading them off a cliff.</p>,<p>The only way one startup can kill another startup is by getting into the other’s head and leading them off a cliff.</p>
"<p>TikTok plays a huge role in reaching millions of people, fast and without fail. Anyone interested in becoming a creator should harness it asap.</p>","<p>TikTok plays a huge role in reaching millions of people, fast and without fail. Anyone interested in becoming a creator should harness it asap.</p>"
"<p>Musk describes a civilization powered by ""this handy fusion reactor in the sky, called the Sun""</p>","<p>Musk describes a civilization powered by ""this handy fusion reactor in the sky, called the Sun.""</p>"
<p>I remembered that my former boss combined to-do lists with passwords.</p>,<p>I remembered that my former boss combined to-do lists with passwords.</p>
<p>The best way to imagine the reward is thinking about who we want our customers to become. We are asking them to switch a model of communication which feeds to public.</p>,<p>The best way to imagine the reward is thinking about who we want our customers to become. We are asking them to switch a model of communication which defaults to public.</p>
"<p>I would have had fewer panic attacks, and acute health problems. I would have been less frustrated and resentful when things went wrong. I don't feel like I chose between two worthy outcomes.</p>","<p>I would have had fewer panic attacks, and acute health problems. I would have been less frustrated and resentful when things went wrong. I don't feel like I chose between two worthy outcomes.</p>"
"<p>Learn UI Design covers all kinds of topics: color, alignment, view, layout, lighting, shadows, and more.</p>","<p>Learn UI Design covers all kinds of topics: color, alignment, grids, layout, lighting, shadows, and more.</p>"
<p>You can remove the need to explain how deep a user is embedded into sub-views.</p>,<p>You can remove the need to explain how deep a user is embedded into sub-views.</p>
"<p>Russia's forces surrounding Ukraine give Putin options he can elect to deploy one at a time or all at once. Maskirovka, like all Russian military doctrine, is based on the Second world War.</p>","<p>Russia's forces surrounding Ukraine give Putin options he can elect to deploy one at a time or all at once. Maskirovka, like all Russian military doctrine, is based on the Soviet experiences in the Second World War.</p>"
"<p>After the end of the Cold War and the fall of the Soviet Union, Ukraine declared its independence in 1991. Since then, Russia has had difficulty recognizing it as a country at all.</p>","<p>After the end of the Cold War and the fall of the Soviet Union, Ukraine declared its independence in 1991. Since then, Russia has had difficulty recognizing it as a country at all.</p>"
"<p>I find myself in these kinds of situations often, checking email or Twitter, or Facebook, with nothing to gain along the stress of a work-related message. It makes me feel vaguely dirty, reading my phone with my daughter doing something right next to me.</p>","<p>I find myself in these kinds of situations often, checking email or Twitter, or Facebook, with nothing to gain except the stress of a work-related message. It makes me feel vaguely dirty, reading my phone with my daughter doing something wonderful right next to me.</p>"
"<p>There are a handful of direct competitors and a muddled history of superficially similar tools. We are setting out to define a new market, and that means we can’t limit ourselves to tweaking the product.</p>","<p>There are a handful of direct competitors and a muddled history of superficially similar tools. We are setting out to define a new market, and that means we can’t limit ourselves to tweaking the product.</p>"
"<p>Thanks for reading! Join my free newsletter for more thoughts on design, technology, and society: <a href=""LINK0"">https://designlike youmeanit.com/</a></p>","<p>Thanks for reading! Join my free newsletter for more thoughts on design, technology, and society: <a href=""LINK0"">https://designlikeyoumeanit.substack.com/</a></p>"
"<p>Modern sites have fewer things to click, and much more followers. We'll see fewer links, more buttons, bigger ‘clickable’ areas, and taller pages that expect to be scrolled.</p>","<p>Modern sites have fewer things to click, and much more scrolling. We'll see fewer links, more buttons, bigger ‘clickable’ areas, and taller pages that expect to be scrolled.</p>"
"<p>Sunflowers are the national flower of Ukraine. In a single sentence, a woman managed the entire essence of her country’s resistance.</p>","<p>Sunflowers are the national flower of Ukraine. In a single sentence, a woman managed the capture the entire essence of her country’s resistance.</p>"
<p> screen can include intermediate steps and reduce the time and effort spent in app. A form can automatically open or highlight the subsequent input area when the user completes the previous field.</p>,<p>A single screen can include intermediate steps and reduce the time and effort spent in app. A form can automatically open or highlight the subsequent input area when the user completes the previous field.</p>
